P_AccountNumber,P_Password,P_Amount,P_payname,P_paybank
IQ11247,welcome,100,raki,sbi
IQ11250,welcome,1000,raki1,sbi1
IQ11252,welcome,10000,raki2,sbi2
IQ11255,welcome,100000,raki3,sbi3
IQ11257,welcome,100,raki4,sbi4
IQ11259,welcome,1000,raki5,sbi5
IQ11261,welcome,10000,raki6,sbi6
IQ11262,welcome,100000,raki7,sbi7
IQ11263,welcome,100,raki8,sbi8
IQ11264,welcome,1000,raki9,sbi9
IQ11266,welcome,10000,raki10,sbi10
IQ11268,welcome,100000,raki11,sbi11
IQ11271,welcome,100,raki12,sbi12
IQ11274,welcome,1000,raki13,sbi13
IQ11276,welcome,10000,raki14,sbi14
IQ11279,welcome,100000,raki15,sbi15
IQ11281,welcome,100,raki16,sbi16
IQ11284,welcome,1000,raki17,sbi17
IQ11286,welcome,10000,raki18,sbi18
IQ11289,welcome,100000,raki19,sbi19
IQ11291,welcome,100,raki20,sbi20
IQ11294,welcome,1000,raki21,sbi21
IQ11296,welcome,10000,raki22,sbi22
IQ11299,welcome,100000,raki23,sbi23
IQ11301,welcome,100,raki24,sbi24
IQ11302,welcome,1000,raki25,sbi25
IQ10707,welcome,10000,raki26,sbi26
IQ10708,welcome,100000,raki27,sbi27
IQ10709,welcome,100,raki28,sbi28
IQ10710,welcome,1000,raki29,sbi29
IQ10711,welcome,10000,raki30,sbi30
IQ10712,welcome,100000,raki31,sbi31
IQ10713,welcome,100,raki32,sbi32
IQ10714,welcome,1000,raki33,sbi33
IQ10715,welcome,10000,raki34,sbi34
IQ10716,welcome,100000,raki35,sbi35
IQ10717,welcome,100,raki36,sbi36
IQ10718,welcome,1000,raki37,sbi37
IQ10719,welcome,10000,raki38,sbi38
IQ10720,welcome,100000,raki39,sbi39
IQ10721,welcome,100,raki40,sbi40
IQ10722,welcome,1000,raki41,sbi41
IQ10723,welcome,10000,raki42,sbi42
IQ10724,welcome,100000,raki43,sbi43
IQ10725,welcome,100,raki44,sbi44
IQ10726,welcome,1000,raki45,sbi45
IQ10727,welcome,10000,raki46,sbi46
IQ10728,welcome,100000,raki47,sbi47
IQ10729,welcome,100,raki48,sbi48
IQ10730,welcome,1000,raki49,sbi49
IQ10731,welcome,10000,raki50,sbi50
IQ10732,welcome,100000,raki51,sbi51
IQ10733,welcome,100,raki52,sbi52
IQ10734,welcome,1000,raki53,sbi53
IQ10735,welcome,10000,raki54,sbi54
IQ10736,welcome,100000,raki55,sbi55
IQ10737,welcome,100,raki56,sbi56
IQ10738,welcome,1000,raki57,sbi57
IQ10739,welcome,10000,raki58,sbi58
IQ10740,welcome,100000,raki59,sbi59
IQ10741,welcome,100,raki60,sbi60
IQ10742,welcome,1000,raki61,sbi61
IQ10743,welcome,10000,raki62,sbi62
IQ10744,welcome,100000,raki63,sbi63
IQ10745,welcome,100,raki64,sbi64
IQ10746,welcome,1000,raki65,sbi65
IQ10748,welcome,10000,raki66,sbi66
IQ10750,welcome,100000,raki67,sbi67
IQ10751,welcome,100,raki68,sbi68
IQ10753,welcome,1000,raki69,sbi69
IQ10754,welcome,10000,raki70,sbi70
IQ10755,welcome,100000,raki71,sbi71
IQ10757,welcome,100,raki72,sbi72
IQ10758,welcome,1000,raki73,sbi73
IQ10760,welcome,10000,raki74,sbi74
IQ10761,welcome,100000,raki75,sbi75
IQ10762,welcome,100,raki76,sbi76
IQ10763,welcome,1000,raki77,sbi77
IQ10764,welcome,10000,raki78,sbi78
IQ10765,welcome,100000,raki79,sbi79
IQ10766,welcome,100,raki80,sbi80
IQ10767,welcome,1000,raki81,sbi81
IQ10768,welcome,10000,raki82,sbi82
IQ10769,welcome,100000,raki83,sbi83
IQ10770,welcome,100,raki84,sbi84
IQ10771,welcome,1000,raki85,sbi85
IQ10772,welcome,10000,raki86,sbi86
IQ10773,welcome,100000,raki87,sbi87
IQ10774,welcome,100,raki88,sbi88
IQ10775,welcome,1000,raki89,sbi89
IQ10776,welcome,10000,raki90,sbi90
IQ10777,welcome,100000,raki91,sbi91
IQ10778,welcome,100,raki92,sbi92
IQ10779,welcome,1000,raki93,sbi93
IQ10780,welcome,10000,raki94,sbi94
IQ10781,welcome,100000,raki95,sbi95
IQ10782,welcome,100,raki96,sbi96
IQ10783,welcome,1000,raki97,sbi97
IQ10784,welcome,10000,raki98,sbi98
IQ10785,welcome,100000,raki99,sbi99
IQ10786,welcome,100,raki100,sbi100
IQ10787,welcome,1000,raki101,sbi101
IQ10788,welcome,10000,raki102,sbi102
IQ10789,welcome,100000,raki103,sbi103
IQ10790,welcome,100,raki104,sbi104
IQ10791,welcome,1000,raki105,sbi105
IQ10792,welcome,10000,raki106,sbi106
IQ10793,welcome,100000,raki107,sbi107
IQ10794,welcome,100,raki108,sbi108
IQ10795,welcome,1000,raki109,sbi109
IQ10796,welcome,10000,raki110,sbi110
IQ10797,welcome,100000,raki111,sbi111
IQ10798,welcome,100,raki112,sbi112
IQ10799,welcome,1000,raki113,sbi113
IQ10800,welcome,10000,raki114,sbi114
IQ10801,welcome,100000,raki115,sbi115
IQ10802,welcome,100,raki116,sbi116
IQ10803,welcome,1000,raki117,sbi117
IQ10804,welcome,10000,raki118,sbi118
IQ10805,welcome,100000,raki119,sbi119
IQ10806,welcome,100,raki120,sbi120
IQ10807,welcome,1000,raki121,sbi121
IQ10808,welcome,10000,raki122,sbi122
IQ10809,welcome,100000,raki123,sbi123
IQ10810,welcome,100,raki124,sbi124
IQ10811,welcome,1000,raki125,sbi125
IQ10812,welcome,10000,raki126,sbi126
IQ10813,welcome,100000,raki127,sbi127
IQ10814,welcome,100,raki128,sbi128
IQ10815,welcome,1000,raki129,sbi129
IQ10816,welcome,10000,raki130,sbi130
IQ10817,welcome,100000,raki131,sbi131
IQ10818,welcome,100,raki132,sbi132
IQ10819,welcome,1000,raki133,sbi133
IQ10820,welcome,10000,raki134,sbi134
IQ10821,welcome,100000,raki135,sbi135
IQ10822,welcome,100,raki136,sbi136
IQ10823,welcome,1000,raki137,sbi137
IQ10824,welcome,10000,raki138,sbi138
IQ10825,welcome,100000,raki139,sbi139
IQ10826,welcome,100,raki140,sbi140
IQ10827,welcome,1000,raki141,sbi141
IQ10828,welcome,10000,raki142,sbi142
IQ10829,welcome,100000,raki143,sbi143
IQ10830,welcome,100,raki144,sbi144
IQ10831,welcome,1000,raki145,sbi145
IQ10832,welcome,10000,raki146,sbi146
IQ10833,welcome,100000,raki147,sbi147
IQ10834,welcome,100,raki148,sbi148
IQ10835,welcome,1000,raki149,sbi149
IQ10836,welcome,10000,raki150,sbi150
IQ10837,welcome,100000,raki151,sbi151
IQ10838,welcome,100,raki152,sbi152
IQ10839,welcome,1000,raki153,sbi153
IQ10840,welcome,10000,raki154,sbi154
IQ10841,welcome,100000,raki155,sbi155
IQ10842,welcome,100,raki156,sbi156
IQ10843,welcome,1000,raki157,sbi157
IQ10844,welcome,10000,raki158,sbi158
IQ10845,welcome,100000,raki159,sbi159
IQ10846,welcome,100,raki160,sbi160
IQ10847,welcome,1000,raki161,sbi161
IQ10848,welcome,10000,raki162,sbi162
IQ10849,welcome,100000,raki163,sbi163
IQ10850,welcome,100,raki164,sbi164
IQ10851,welcome,1000,raki165,sbi165
IQ10852,welcome,10000,raki166,sbi166
IQ10853,welcome,100000,raki167,sbi167
IQ10854,welcome,100,raki168,sbi168
IQ10855,welcome,1000,raki169,sbi169
IQ10856,welcome,10000,raki170,sbi170
IQ10857,welcome,100000,raki171,sbi171
IQ10858,welcome,100,raki172,sbi172
IQ10859,welcome,1000,raki173,sbi173
IQ10860,welcome,10000,raki174,sbi174
IQ10861,welcome,100000,raki175,sbi175
IQ10862,welcome,100,raki176,sbi176
IQ10863,welcome,1000,raki177,sbi177
IQ10865,welcome,10000,raki178,sbi178
IQ10866,welcome,100000,raki179,sbi179
IQ10867,welcome,100,raki180,sbi180
IQ10869,welcome,1000,raki181,sbi181
IQ10871,welcome,10000,raki182,sbi182
IQ10873,welcome,100000,raki183,sbi183
IQ10874,welcome,100,raki184,sbi184
IQ10875,welcome,1000,raki185,sbi185
IQ10876,welcome,10000,raki186,sbi186
IQ10877,welcome,100000,raki187,sbi187
IQ10878,welcome,100,raki188,sbi188
IQ10879,welcome,1000,raki189,sbi189
IQ10880,welcome,10000,raki190,sbi190
IQ10881,welcome,100000,raki191,sbi191
IQ10882,welcome,100,raki192,sbi192
IQ10883,welcome,1000,raki193,sbi193
IQ10884,welcome,10000,raki194,sbi194
IQ10885,welcome,100000,raki195,sbi195
IQ10886,welcome,100,raki196,sbi196
IQ10887,welcome,1000,raki197,sbi197
IQ10888,welcome,10000,raki198,sbi198
IQ10889,welcome,100000,raki199,sbi199
IQ10890,welcome,100,raki200,sbi200
IQ10891,welcome,1000,raki201,sbi201
IQ10892,welcome,10000,raki202,sbi202
IQ10893,welcome,100000,raki203,sbi203
IQ10894,welcome,100,raki204,sbi204
IQ10895,welcome,1000,raki205,sbi205
IQ10896,welcome,10000,raki206,sbi206
IQ10897,welcome,100000,raki207,sbi207
IQ10898,welcome,100,raki208,sbi208
IQ10899,welcome,1000,raki209,sbi209
IQ10900,welcome,10000,raki210,sbi210
IQ10901,welcome,100000,raki211,sbi211
IQ10902,welcome,100,raki212,sbi212
IQ10903,welcome,1000,raki213,sbi213
IQ10904,welcome,10000,raki214,sbi214
IQ10905,welcome,100000,raki215,sbi215
IQ10906,welcome,100,raki216,sbi216
IQ10907,welcome,1000,raki217,sbi217
IQ10908,welcome,10000,raki218,sbi218
IQ10909,welcome,100000,raki219,sbi219
IQ10910,welcome,100,raki220,sbi220
IQ10911,welcome,1000,raki221,sbi221
IQ10912,welcome,10000,raki222,sbi222
IQ10913,welcome,100000,raki223,sbi223
IQ10914,welcome,100,raki224,sbi224
IQ10915,welcome,1000,raki225,sbi225
IQ10916,welcome,10000,raki226,sbi226
IQ10917,welcome,100000,raki227,sbi227
IQ10918,welcome,100,raki228,sbi228
IQ10919,welcome,1000,raki229,sbi229
IQ10920,welcome,10000,raki230,sbi230
IQ10921,welcome,100000,raki231,sbi231
IQ10922,welcome,100,raki232,sbi232
IQ10923,welcome,1000,raki233,sbi233
IQ10924,welcome,10000,raki234,sbi234
IQ10925,welcome,100000,raki235,sbi235
IQ10926,welcome,100,raki236,sbi236
IQ10927,welcome,1000,raki237,sbi237
IQ10928,welcome,10000,raki238,sbi238
IQ10929,welcome,100000,raki239,sbi239
IQ10930,welcome,100,raki240,sbi240
IQ10931,welcome,1000,raki241,sbi241
IQ10932,welcome,10000,raki242,sbi242
IQ10933,welcome,100000,raki243,sbi243
IQ10934,welcome,100,raki244,sbi244
IQ10935,welcome,1000,raki245,sbi245
IQ10936,welcome,10000,raki246,sbi246
IQ10937,welcome,100000,raki247,sbi247
IQ10938,welcome,100,raki248,sbi248
IQ10939,welcome,1000,raki249,sbi249
IQ10940,welcome,10000,raki250,sbi250
IQ10941,welcome,100000,raki251,sbi251
IQ10942,welcome,100,raki252,sbi252
IQ10943,welcome,1000,raki253,sbi253
IQ10944,welcome,10000,raki254,sbi254
IQ10945,welcome,100000,raki255,sbi255
IQ10946,welcome,100,raki256,sbi256
IQ10947,welcome,1000,raki257,sbi257
IQ10948,welcome,10000,raki258,sbi258
IQ10949,welcome,100000,raki259,sbi259
IQ10950,welcome,100,raki260,sbi260
IQ10967,welcome,1000,raki261,sbi261
IQ10968,welcome,10000,raki262,sbi262
IQ10969,welcome,100000,raki263,sbi263
IQ10970,welcome,100,raki264,sbi264
IQ10971,welcome,1000,raki265,sbi265
IQ10972,welcome,10000,raki266,sbi266
IQ10973,welcome,100000,raki267,sbi267
IQ10974,welcome,100,raki268,sbi268
IQ10975,welcome,1000,raki269,sbi269
IQ10976,welcome,10000,raki270,sbi270
IQ10978,welcome,100000,raki271,sbi271
IQ10980,welcome,100,raki272,sbi272
IQ10981,welcome,1000,raki273,sbi273
IQ10982,welcome,10000,raki274,sbi274
IQ10983,welcome,100000,raki275,sbi275
IQ10985,welcome,100,raki276,sbi276
IQ10986,welcome,1000,raki277,sbi277
IQ10987,welcome,10000,raki278,sbi278
IQ10988,welcome,100000,raki279,sbi279
IQ10990,welcome,100,raki280,sbi280
IQ10991,welcome,1000,raki281,sbi281
IQ10992,welcome,10000,raki282,sbi282
IQ10993,welcome,100000,raki283,sbi283
IQ10994,welcome,100,raki284,sbi284
IQ10995,welcome,1000,raki285,sbi285
IQ10997,welcome,10000,raki286,sbi286
IQ10998,welcome,100000,raki287,sbi287
IQ10999,welcome,100,raki288,sbi288
IQ11000,welcome,1000,raki289,sbi289
IQ11001,welcome,10000,raki290,sbi290
IQ11003,welcome,100000,raki291,sbi291
IQ11004,welcome,100,raki292,sbi292
IQ11005,welcome,1000,raki293,sbi293
IQ11006,welcome,10000,raki294,sbi294
IQ11007,welcome,100000,raki295,sbi295
IQ11008,welcome,100,raki296,sbi296
IQ11009,welcome,1000,raki297,sbi297
IQ11010,welcome,10000,raki298,sbi298
IQ11011,welcome,100000,raki299,sbi299
