P_AccountNumber,P_Password,P_R_Account,P_Amount
IQ11247,welcome,IQ11302,100
IQ11250,welcome,IQ11301,50
IQ11252,welcome,IQ11299,50
IQ11255,welcome,IQ11296,100
IQ11257,welcome,IQ11294,100
IQ11259,welcome,IQ11291,50
IQ11261,welcome,IQ11289,50
IQ11262,welcome,IQ11286,100
IQ11263,welcome,IQ11284,100
IQ11264,welcome,IQ11281,50
IQ11266,welcome,IQ11279,50
IQ11268,welcome,IQ11276,100
IQ11271,welcome,IQ11274,100
IQ11274,welcome,IQ11271,50
IQ11276,welcome,IQ11268,50
IQ11279,welcome,IQ11266,100
IQ11281,welcome,IQ11264,100
IQ11284,welcome,IQ11263,50
IQ11286,welcome,IQ11262,50
IQ11289,welcome,IQ11261,100
IQ11291,welcome,IQ11259,100
IQ11294,welcome,IQ11257,50
IQ11296,welcome,IQ11255,50
IQ11299,welcome,IQ11252,100
IQ11301,welcome,IQ11250,100
IQ11302,welcome,IQ11247,50
IQ10707,welcome,IQ11011,50
IQ10708,welcome,IQ11010,100
IQ10709,welcome,IQ11009,100
IQ10710,welcome,IQ11008,50
IQ10711,welcome,IQ11007,50
IQ10712,welcome,IQ11006,100
IQ10713,welcome,IQ11005,100
IQ10714,welcome,IQ11004,50
IQ10715,welcome,IQ11003,50
IQ10716,welcome,IQ11001,100
IQ10717,welcome,IQ11000,100
IQ10718,welcome,IQ10999,50
IQ10719,welcome,IQ10998,50
IQ10720,welcome,IQ10997,100
IQ10721,welcome,IQ10995,100
IQ10722,welcome,IQ10994,50
IQ10723,welcome,IQ10993,50
IQ10724,welcome,IQ10992,100
IQ10725,welcome,IQ10991,100
IQ10726,welcome,IQ10990,50
IQ10727,welcome,IQ10988,50
IQ10728,welcome,IQ10987,100
IQ10729,welcome,IQ10986,100
IQ10730,welcome,IQ10985,50
IQ10731,welcome,IQ10983,50
IQ10732,welcome,IQ10982,100
IQ10733,welcome,IQ10981,100
IQ10734,welcome,IQ10980,50
IQ10735,welcome,IQ10978,50
IQ10736,welcome,IQ10976,100
IQ10737,welcome,IQ10975,100
IQ10738,welcome,IQ10974,50
IQ10739,welcome,IQ10973,50
IQ10740,welcome,IQ10972,100
IQ10741,welcome,IQ10971,100
IQ10742,welcome,IQ10970,50
IQ10743,welcome,IQ10969,50
IQ10744,welcome,IQ10968,100
IQ10745,welcome,IQ10967,100
IQ10746,welcome,IQ10950,50
IQ10748,welcome,IQ10949,50
IQ10750,welcome,IQ10948,100
IQ10751,welcome,IQ10947,100
IQ10753,welcome,IQ10946,50
IQ10754,welcome,IQ10945,50
IQ10755,welcome,IQ10944,100
IQ10757,welcome,IQ10943,100
IQ10758,welcome,IQ10942,50
IQ10760,welcome,IQ10941,50
IQ10761,welcome,IQ10940,100
IQ10762,welcome,IQ10939,100
IQ10763,welcome,IQ10938,50
IQ10764,welcome,IQ10937,50
IQ10765,welcome,IQ10936,100
IQ10766,welcome,IQ10935,100
IQ10767,welcome,IQ10934,50
IQ10768,welcome,IQ10933,50
IQ10769,welcome,IQ10932,100
IQ10770,welcome,IQ10931,100
IQ10771,welcome,IQ10930,50
IQ10772,welcome,IQ10929,50
IQ10773,welcome,IQ10928,100
IQ10774,welcome,IQ10927,100
IQ10775,welcome,IQ10926,50
IQ10776,welcome,IQ10925,50
IQ10777,welcome,IQ10924,100
IQ10778,welcome,IQ10923,100
IQ10779,welcome,IQ10922,50
IQ10780,welcome,IQ10921,50
IQ10781,welcome,IQ10920,100
IQ10782,welcome,IQ10919,100
IQ10783,welcome,IQ10918,50
IQ10784,welcome,IQ10917,50
IQ10785,welcome,IQ10916,100
IQ10786,welcome,IQ10915,100
IQ10787,welcome,IQ10914,50
IQ10788,welcome,IQ10913,50
IQ10789,welcome,IQ10912,100
IQ10790,welcome,IQ10911,100
IQ10791,welcome,IQ10910,50
IQ10792,welcome,IQ10909,50
IQ10793,welcome,IQ10908,100
IQ10794,welcome,IQ10907,100
IQ10795,welcome,IQ10906,50
IQ10796,welcome,IQ10905,50
IQ10797,welcome,IQ10904,100
IQ10798,welcome,IQ10903,100
IQ10799,welcome,IQ10902,50
IQ10800,welcome,IQ10901,50
IQ10801,welcome,IQ10900,100
IQ10802,welcome,IQ10899,100
IQ10803,welcome,IQ10898,50
IQ10804,welcome,IQ10897,50
IQ10805,welcome,IQ10896,100
IQ10806,welcome,IQ10895,100
IQ10807,welcome,IQ10894,50
IQ10808,welcome,IQ10893,50
IQ10809,welcome,IQ10892,100
IQ10810,welcome,IQ10891,100
IQ10811,welcome,IQ10890,50
IQ10812,welcome,IQ10889,50
IQ10813,welcome,IQ10888,100
IQ10814,welcome,IQ10887,100
IQ10815,welcome,IQ10886,50
IQ10816,welcome,IQ10885,50
IQ10817,welcome,IQ10884,100
IQ10818,welcome,IQ10883,100
IQ10819,welcome,IQ10882,50
IQ10820,welcome,IQ10881,50
IQ10821,welcome,IQ10880,100
IQ10822,welcome,IQ10879,100
IQ10823,welcome,IQ10878,50
IQ10824,welcome,IQ10877,50
IQ10825,welcome,IQ10876,100
IQ10826,welcome,IQ10875,100
IQ10827,welcome,IQ10874,50
IQ10828,welcome,IQ10873,50
IQ10829,welcome,IQ10871,100
IQ10830,welcome,IQ10869,100
IQ10831,welcome,IQ10867,50
IQ10832,welcome,IQ10866,50
IQ10833,welcome,IQ10865,100
IQ10834,welcome,IQ10863,100
IQ10835,welcome,IQ10862,50
IQ10836,welcome,IQ10861,50
IQ10837,welcome,IQ10860,100
IQ10838,welcome,IQ10859,100
IQ10839,welcome,IQ10858,50
IQ10840,welcome,IQ10857,50
IQ10841,welcome,IQ10856,100
IQ10842,welcome,IQ10855,100
IQ10843,welcome,IQ10854,50
IQ10844,welcome,IQ10853,50
IQ10845,welcome,IQ10852,100
IQ10846,welcome,IQ10851,100
IQ10847,welcome,IQ10850,50
IQ10848,welcome,IQ10849,50
IQ10849,welcome,IQ10848,100
IQ10850,welcome,IQ10847,100
IQ10851,welcome,IQ10846,50
IQ10852,welcome,IQ10845,50
IQ10853,welcome,IQ10844,100
IQ10854,welcome,IQ10843,100
IQ10855,welcome,IQ10842,50
IQ10856,welcome,IQ10841,50
IQ10857,welcome,IQ10840,100
IQ10858,welcome,IQ10839,100
IQ10859,welcome,IQ10838,50
IQ10860,welcome,IQ10837,50
IQ10861,welcome,IQ10836,100
IQ10862,welcome,IQ10835,100
IQ10863,welcome,IQ10834,50
IQ10865,welcome,IQ10833,50
IQ10866,welcome,IQ10832,100
IQ10867,welcome,IQ10831,100
IQ10869,welcome,IQ10830,50
IQ10871,welcome,IQ10829,50
IQ10873,welcome,IQ10828,100
IQ10874,welcome,IQ10827,100
IQ10875,welcome,IQ10826,50
IQ10876,welcome,IQ10825,50
IQ10877,welcome,IQ10824,100
IQ10878,welcome,IQ10823,100
IQ10879,welcome,IQ10822,50
IQ10880,welcome,IQ10821,50
IQ10881,welcome,IQ10820,100
IQ10882,welcome,IQ10819,100
IQ10883,welcome,IQ10818,50
IQ10884,welcome,IQ10817,50
IQ10885,welcome,IQ10816,100
IQ10886,welcome,IQ10815,100
IQ10887,welcome,IQ10814,50
IQ10888,welcome,IQ10813,50
IQ10889,welcome,IQ10812,100
IQ10890,welcome,IQ10811,100
IQ10891,welcome,IQ10810,50
IQ10892,welcome,IQ10809,50
IQ10893,welcome,IQ10808,100
IQ10894,welcome,IQ10807,100
IQ10895,welcome,IQ10806,50
IQ10896,welcome,IQ10805,50
IQ10897,welcome,IQ10804,100
IQ10898,welcome,IQ10803,100
IQ10899,welcome,IQ10802,50
IQ10900,welcome,IQ10801,50
IQ10901,welcome,IQ10800,100
IQ10902,welcome,IQ10799,100
IQ10903,welcome,IQ10798,50
IQ10904,welcome,IQ10797,50
IQ10905,welcome,IQ10796,100
IQ10906,welcome,IQ10795,100
IQ10907,welcome,IQ10794,50
IQ10908,welcome,IQ10793,50
IQ10909,welcome,IQ10792,100
IQ10910,welcome,IQ10791,100
IQ10911,welcome,IQ10790,50
IQ10912,welcome,IQ10789,50
IQ10913,welcome,IQ10788,100
IQ10914,welcome,IQ10787,100
IQ10915,welcome,IQ10786,50
IQ10916,welcome,IQ10785,50
IQ10917,welcome,IQ10784,100
IQ10918,welcome,IQ10783,100
IQ10919,welcome,IQ10782,50
IQ10920,welcome,IQ10781,50
IQ10921,welcome,IQ10780,100
IQ10922,welcome,IQ10779,100
IQ10923,welcome,IQ10778,50
IQ10924,welcome,IQ10777,50
IQ10925,welcome,IQ10776,100
IQ10926,welcome,IQ10775,100
IQ10927,welcome,IQ10774,50
IQ10928,welcome,IQ10773,50
IQ10929,welcome,IQ10772,100
IQ10930,welcome,IQ10771,100
IQ10931,welcome,IQ10770,50
IQ10932,welcome,IQ10769,50
IQ10933,welcome,IQ10768,100
IQ10934,welcome,IQ10767,100
IQ10935,welcome,IQ10766,50
IQ10936,welcome,IQ10765,50
IQ10937,welcome,IQ10764,100
IQ10938,welcome,IQ10763,100
IQ10939,welcome,IQ10762,50
IQ10940,welcome,IQ10761,50
IQ10941,welcome,IQ10760,100
IQ10942,welcome,IQ10758,100
IQ10943,welcome,IQ10757,50
IQ10944,welcome,IQ10755,50
IQ10945,welcome,IQ10754,100
IQ10946,welcome,IQ10753,100
IQ10947,welcome,IQ10751,50
IQ10948,welcome,IQ10750,50
IQ10949,welcome,IQ10748,100
IQ10950,welcome,IQ10746,100
IQ10967,welcome,IQ10745,50
IQ10968,welcome,IQ10744,50
IQ10969,welcome,IQ10743,100
IQ10970,welcome,IQ10742,100
IQ10971,welcome,IQ10741,50
IQ10972,welcome,IQ10740,50
IQ10973,welcome,IQ10739,100
IQ10974,welcome,IQ10738,100
IQ10975,welcome,IQ10737,50
IQ10976,welcome,IQ10736,50
IQ10978,welcome,IQ10735,100
IQ10980,welcome,IQ10734,100
IQ10981,welcome,IQ10733,50
IQ10982,welcome,IQ10732,50
IQ10983,welcome,IQ10731,100
IQ10985,welcome,IQ10730,100
IQ10986,welcome,IQ10729,50
IQ10987,welcome,IQ10728,50
IQ10988,welcome,IQ10727,100
IQ10990,welcome,IQ10726,100
IQ10991,welcome,IQ10725,50
IQ10992,welcome,IQ10724,50
IQ10993,welcome,IQ10723,100
IQ10994,welcome,IQ10722,100
IQ10995,welcome,IQ10721,50
IQ10997,welcome,IQ10720,50
IQ10998,welcome,IQ10719,100
IQ10999,welcome,IQ10718,100
IQ11000,welcome,IQ10717,50
IQ11001,welcome,IQ10716,50
IQ11003,welcome,IQ10715,100
IQ11004,welcome,IQ10714,100
IQ11005,welcome,IQ10713,50
IQ11006,welcome,IQ10712,50
IQ11007,welcome,IQ10711,100
IQ11008,welcome,IQ10710,100
IQ11009,welcome,IQ10709,50
IQ11010,welcome,IQ10708,50
IQ11011,welcome,IQ10707,100
